Avg_Timestamp,Source,N_Objects,Avg_Speed,Avg_Acceleration,Approaching,Accelerating,Group
1723801687178,3,0,0.0,0.0,1,1,000022
1723801687178,3,19,0.001,5.835217084210525e-11,0,0,000022
1723801687372,2,2,0.001,5.29540785e-10,1,1,000022
1723801687372,2,0,0.0,0.0,0,0,000022
1723801687474,2,2,0.001,5.29540785e-10,1,1,000022
1723801687474,2,0,0.0,0.0,0,0,000022
1723801687474,3,0,0.0,0.0,1,1,000022
1723801687474,3,19,0.001,5.835217084210525e-11,0,0,000022
1723801687671,2,2,0.001,5.29540785e-10,1,1,000022
1723801687671,2,0,0.0,0.0,0,0,000022
1723801687671,3,0,0.0,0.0,1,1,000022
1723801687671,3,19,0.001,5.835217084210525e-11,0,0,000022
1723801687882,3,0,0.0,0.0,1,1,000022
1723801687882,3,19,0.001,5.835217084210525e-11,0,0,000022
1723801688060,3,0,0.0,0.0,1,1,000022
1723801688060,3,19,0.001,5.835217084210525e-11,0,0,000022
1723801688060,2,2,0.001,5.29540785e-10,1,1,000022
1723801688060,2,1,3.5918264,0.017637324,0,0,000022
1723801688190,3,0,0.0,0.0,1,1,000022
1723801688190,3,19,0.001,5.835217084210525e-11,0,0,000022
1723801688190,2,2,0.001,5.29540785e-10,1,1,000022
1723801688190,2,1,3.7760246,0.6646328,0,0,000022
1723801688367,2,1,3.579653,0.3210063,0,0,000022
1723801688367,2,2,0.001,5.29540785e-10,1,1,000022
1723801688367,3,19,0.001,5.835217084210525e-11,0,0,000022
1723801688367,3,0,0.0,0.0,1,1,000022
1723801688583,3,0,0.0,0.0,1,1,000022
1723801688583,3,19,0.0157912494736842,0.0412337578708066,0,0,000022
1723801688583,2,2,0.001,5.29540785e-10,1,1,000022
1723801688583,2,1,3.6505594,0.036405325,0,0,000022
1723801688674,3,0,0.0,0.0,1,1,000022
1723801688674,3,19,0.0161250026315789,0.0451143526076488,0,0,000022
1723801688674,2,2,0.001,5.29540785e-10,1,1,000022
1723801688674,2,1,3.5323591,0.046539485,0,0,000022
1723801688888,2,2,0.001,5.29540785e-10,1,1,000022
1723801688888,2,1,3.6192882,0.3199798,0,0,000022
1723801689067,2,1,3.7273345,0.55928695,0,0,000022
1723801689067,2,2,0.001,5.29540785e-10,1,1,000022
1723801689067,3,0,0.0,0.0,1,1,000022
1723801689067,3,19,0.0307668663157894,0.0321133526076488,0,0,000022
1723801689166,3,0,0.0,0.0,1,1,000022
1723801689166,3,19,0.0307668663157894,0.0173275062918593,0,0,000022
1723801689376,3,0,0.0,0.0,1,1,000022
1723801689376,3,19,0.0301517052631578,0.0039777600239301,0,0,000022
1723801689376,2,2,0.001,5.29540785e-10,1,1,000022
1723801689376,2,1,3.7300868,0.3508063,0,0,000022
1723801689573,2,1,3.8010826,0.56822354,0,0,000022
1723801689573,2,2,0.001,5.29540785e-10,1,1,000022
1723801689573,3,0,0.0,0.0,1,1,000022
1723801689573,3,19,0.0372697868421052,0.0247349452371454,0,0,000022
1723801689674,2,2,0.001,5.29540785e-10,1,1,000022
1723801689674,2,1,3.6075451,0.27488112,0,0,000022
1723801689881,3,0,0.0,0.0,1,1,000022
1723801689881,3,19,0.0238610894736842,0.0289482000260125,0,0,000022
1723801689881,2,2,0.001,5.29540785e-10,1,1,000022
1723801689881,2,1,3.820285,0.39655572,0,0,000022
1723801690067,2,2,0.001,5.29540785e-10,1,1,000022
1723801690067,2,1,3.9316554,0.543628,0,0,000022
1723801690180,3,0,0.0,0.0,1,1,000022
1723801690180,3,19,0.0155389631578947,0.0244822307628546,0,0,000022
1723801690372,2,1,3.7261302,0.8942758,0,0,000022
1723801690372,2,2,0.001,5.29540785e-10,1,1,000022
1723801690582,3,0,0.0,0.0,1,1,000022
1723801690582,3,19,0.0144667089473684,0.0116114619207493,0,0,000022
1723801690582,2,2,0.001,5.29540785e-10,1,1,000022
1723801690582,2,1,3.922474,0.43363535,0,0,000022
1723801690765,2,2,0.001,5.29540785e-10,1,1,000022
1723801690765,2,1,3.9439342,0.033950772,0,0,000022
1723801690886,3,19,0.014466707368421,0.0004900273575914,0,0,000022
1723801690886,3,0,0.0,0.0,1,1,000022
1723801691067,2,1,3.954601,0.013236344,0,0,000022
1723801691067,2,2,0.001,5.29540785e-10,1,1,000022
1723801691067,3,0,0.0,0.0,1,1,000022
1723801691067,3,19,0.0144666757894736,0.0005492344003032,0,0,000022
1723801691161,2,2,0.001,5.29540785e-10,1,1,000022
1723801691161,2,1,3.8449903,0.31207383,0,0,000022
1723801691375,3,0,0.0,0.0,1,1,000022
1723801691375,3,19,0.0350178421052631,0.0563707863277496,0,0,000022
1723801691375,2,2,0.001,5.29540785e-10,1,1,000022
1723801691375,2,1,4.0025887,0.42180547,0,0,000022
1723801691770,3,19,0.0962933284210526,0.1832664962737953,0,0,000022
1723801691770,3,0,0.0,0.0,1,1,000022
1723801691770,2,3,0.3787348,0.0473558970196938,1,1,000022
1723801691770,2,1,4.041987,0.5794534,0,0,000022
1723801692062,2,3,0.3442874333333333,0.1460714229803061,1,1,000022
1723801692062,2,1,3.8582158,0.34244812,0,0,000022
1723801692168,3,19,0.0781380199999999,0.0139775887615091,0,0,000022
1723801692168,2,3,0.3800116666666666,0.0471879936863605,1,1,000022
1723801692168,3,0,0.0,0.0,1,1,000022
1723801692168,2,1,3.9311142,0.1966126,0,0,000022
1723801692380,2,1,4.01535,0.3617292,0,0,000022
1723801692380,2,3,0.3800116666666666,0.0759047570196938,1,1,000022
1723801692572,3,19,0.1033038152631578,0.0354531729736148,0,0,000022
1723801692572,3,0,0.0,0.0,1,1,000022
1723801692774,2,3,0.3670970666666666,0.1264029936863605,1,1,000022
1723801692774,2,1,4.01535,0.0021269806,0,0,000022
1723801692871,2,3,0.3670970666666666,0.1324843870196938,1,1,000022
1723801692871,2,1,3.826106,0.67402285,0,0,000022
1723801692871,3,0,0.0,0.0,1,1,000022
1723801692871,3,19,0.1354372842105262,0.110183839326518,0,0,000022
1723801693070,2,3,0.3670970666666666,0.0274373536863605,1,1,000022
1723801693070,2,1,3.8163087,0.4029184,0,0,000022
1723801693070,3,0,0.0,0.0,1,1,000022
1723801693070,3,19,0.1963118631578947,0.2606446152012488,0,0,000022
1723801693168,2,3,0.3670970666666666,0.0073188386863605,1,1,000022
1723801693168,2,1,3.8163087,0.20676246,0,0,000022
1723801693376,3,0,0.0,0.0,1,1,000022
1723801693376,3,19,0.1920442736842104,0.0359434949969922,0,0,000022
1723801693376,2,3,0.3670970333333334,0.0057996303136394,1,1,000022
1723801693376,2,1,3.7842007,0.07265955,0,0,000022
1723801693469,2,3,0.3670970333333334,0.0041442186469728,1,1,000022
1723801693469,3,0,0.0,0.0,1,1,000022
1723801693469,3,19,0.1983910894736842,0.0301024966267352,0,0,000022
1723801693469,2,1,3.64168,0.42470485,0,0,000022
1723801693564,2,1,3.692669,0.2747599,0,0,000022
1723801693564,2,3,0.3670970666666666,0.0023462109803061,1,1,000022
1723801693769,3,0,0.0,0.0,1,1,000022
1723801693769,3,19,0.230325552631579,0.0989837568160346,0,0,000022
1723801693872,3,0,0.0,0.0,1,1,000022
1723801693872,3,18,0.1862518888888888,0.1004304314996075,0,0,000022
1723801693872,2,4,2.19843705,0.0735879372352296,1,1,000022
1723801693872,2,1,3.6172404,0.27537152,0,0,000022
1723801694068,3,18,0.2247503777777778,0.1550180142855408,0,0,000022
1723801694068,2,4,2.215601575,0.0469554052647703,1,1,000022
1723801694068,2,1,3.5143793,0.4383811,0,0,000022
1723801694068,3,0,0.0,0.0,1,1,000022
1723801694180,2,1,3.587925,0.036595613,0,0,000022
1723801694180,2,4,2.219013525,0.0434813981397703,1,1,000022
1723801694180,3,0,0.0,0.0,1,1,000022
1723801694180,3,18,0.2301524888888889,0.1414101381981519,0,0,000022
1723801694365,2,4,2.1933038,0.0638596572352296,1,1,000022
1723801694365,2,1,3.503038,0.18930048,0,0,000022
1723801694578,2,4,2.1977341,0.0347202187352296,1,1,000022
1723801694578,3,0,0.0,0.0,1,1,000022
1723801694578,3,18,0.2631414055555556,0.0831380249269797,0,0,000022
1723801694578,2,1,3.430603,0.3373453,0,0,000022
1723801694760,2,4,2.2018271,0.0075415503397703,1,1,000022
1723801694760,2,1,3.4008617,0.22319402,0,0,000022
1723801694885,3,18,0.29176465,0.0954829623516083,0,0,000022
1723801694885,3,0,0.0,0.0,1,1,000022
1723801695064,3,0,0.0,0.0,1,1,000022
1723801695064,3,18,0.3017069166666666,0.0783337879308188,0,0,000022
1723801695064,2,4,2.189755275,0.0489262322352296,1,1,000022
1723801695064,2,1,3.3782372,0.085033804,0,0,000022
1723801695166,3,0,0.0,0.0,1,1,000022
1723801695166,3,18,0.3119068111111112,0.0883970233137848,0,0,000022
1723801695376,2,1,3.260033,0.10731265,0,0,000022
1723801695376,2,4,2.172588025,0.0690278430352296,1,1,000022
1723801695376,3,0,0.0,0.0,1,1,000022
1723801695376,3,18,0.3098320833333334,0.0151062277275675,0,0,000022
1723801695590,2,5,1.86272884,0.0168732576281836,1,1,000022
1723801695590,2,1,3.260033,0.017292146,0,0,000022
1723801695679,2,5,1.8578282,0.0275658836481836,1,1,000022
1723801695679,2,1,3.260033,0.01833506,0,0,000022
1723801695679,3,0,0.0,0.0,1,1,000022
1723801695679,3,15,0.4488340966666667,0.2715183622815064,0,0,000022
1723801695859,3,0,0.0,0.0,1,1,000022
1723801695859,3,15,0.4304643933333333,0.0985751664192554,0,0,000022
1723801696077,3,15,0.4670942066666667,0.1179982887227022,0,0,000022
1723801696077,3,0,0.0,0.0,1,1,000022
1723801696077,2,1,3.0124362,0.4157083,0,0,000022
1723801696077,2,4,2.039518475,0.0141040372352296,1,1,000022
1723801696168,3,0,0.0,0.0,1,1,000022
1723801696168,3,15,0.5269333333333334,0.2245288747502876,0,0,000022
1723801696168,2,4,2.05272355,0.0472586042647703,1,1,000022
1723801696168,2,1,3.0124364,0.30478853,0,0,000022
1723801696378,2,4,2.026471325,0.0791120422352296,1,1,000022
1723801696378,2,1,3.0124364,0.017372515,0,0,000022
1723801696586,3,0,0.0,0.0,1,1,000022
1723801696586,3,16,0.6615732,0.1952481075265973,0,0,000022
1723801696770,2,1,3.1070545,0.31542486,0,0,000022
1723801696770,2,4,1.99498545,0.0313300947352296,1,1,000022
1723801696770,3,0,0.0,0.0,1,1,000022
1723801696770,3,16,0.6811989175,0.1652610400265974,0,0,000022
1723801696864,2,4,2.007894385,0.0217608552647703,1,1,000022
1723801696864,2,1,3.105503,0.273733,0,0,000022
1723801697076,2,1,3.1535246,0.22503659,0,0,000022
1723801697076,3,0,0.0,0.0,1,1,000022
1723801697076,3,15,0.8001550879999999,0.2254246833418265,0,0,000022
1723801697076,2,4,2.050329575,0.1556874877647703,1,1,000022
1723801697165,2,4,2.04207525,0.0857489792647703,1,1,000022
1723801697165,2,1,3.1890137,0.2713305,0,0,000022
1723801697165,3,0,0.0,0.0,1,1,000022
1723801697165,3,15,0.8186376200000001,0.2605909380084932,0,0,000022
1723801697383,2,5,3.041954418,0.4013682917881837,1,1,000022
1723801697383,2,1,3.1890135,0.06686618,0,0,000022
1723801697383,3,0,0.0,0.0,1,1,000022
1723801697383,3,15,0.86161388,0.1776879790635405,0,0,000022
1723801697477,3,0,0.0,0.0,1,1,000022
1723801697477,3,15,0.9036208133333332,0.2181132069302071,0,0,000022
1723801697477,2,5,3.0449034159999995,0.3696523089881837,1,1,000022
1723801697477,2,1,3.2227185,0.13824144,0,0,000022
1723801697565,3,0,0.0,0.0,1,1,000022
1723801697565,3,15,0.9152256366666668,0.2104831595568738,0,0,000022
1723801697565,2,5,3.039164522,0.2763833054481837,1,1,000022
1723801697565,2,1,3.152556,0.11463827,0,0,000022
1723801697779,2,1,3.144477,0.123036124,0,0,000022
1723801697779,2,5,3.014634222,0.1036245897881836,1,1,000022
1723801697875,2,5,2.990304122,0.1403119963881836,1,1,000022
1723801697875,2,1,3.144477,0.05841016,0,0,000022
1723801697875,3,0,0.0,0.0,1,1,000022
1723801697875,3,14,0.9859076357142856,0.039806623830289,0,0,000022
1723801698077,3,0,0.0,0.0,1,1,000022
1723801698077,3,14,1.013685707142857,0.1052676341874319,0,0,000022
1723801698077,2,5,2.936406022,0.2345270607881837,1,1,000022
1723801698077,2,1,2.987186,0.5090364,0,0,000022
1723801698168,2,1,2.987186,0.44671834,0,0,000022
1723801698168,2,5,2.993417414,0.0119630162118162,1,1,000022
1723801698168,3,0,0.0,0.0,1,1,000022
1723801698168,3,14,1.019655357142857,0.1083147830195747,0,0,000022
1723801698383,3,0,0.0,0.0,1,1,000022
1723801698383,3,12,1.231947033333333,0.1629516939851111,0,0,000022
1723801698567,2,5,2.920817474,0.2545016717881836,1,1,000022
1723801698567,2,1,2.8933098,0.2661767,0,0,000022
1723801698567,3,0,0.0,0.0,1,1,000022
1723801698567,3,12,1.242056033333333,0.0960053270521111,0,0,000022
1723801698875,2,1,2.789749,0.3473241,0,0,000022
1723801698875,2,5,2.765375774,0.4953115317881836,1,1,000022
1723801698875,3,0,0.0,0.0,1,1,000022
1723801698875,3,12,1.2813335916666664,0.0992008442406111,0,0,000022
1723801699092,2,5,2.73660266,0.1796230791881836,1,1,101011
1723801699092,2,1,2.704662,0.47862166,0,0,101011
1723801699272,2,5,2.707929954,0.1375196892881836,1,1,101011
1723801699272,2,1,2.7186987,0.22765036,0,0,101011
1723801699272,3,0,0.0,0.0,1,1,101011
1723801699272,3,11,1.0809912545454547,0.1430954796199394,0,0,101011
1723801699366,3,11,1.0929837545454546,0.1458936693166667,0,0,101011
1723801699366,3,0,0.0,0.0,1,1,101011
1723801699582,2,1,2.5665815,0.520057,0,0,101011
1723801699582,3,0,0.0,0.0,1,1,101011
1723801699582,2,5,2.707929954,0.0044633920318163,1,1,101011
1723801699582,3,11,1.1342573181818183,0.169479021127303,0,0,101011
1723801699766,3,11,1.1405984272727274,0.0959722858572848,0,0,101011
1723801699766,3,0,0.0,0.0,1,1,101011
1723801699878,2,4,3.19892035,0.0039763605897703,1,1,101011
1723801699878,2,1,2.5665815,0.016670078,0,0,101011
1723801700075,3,0,0.0,0.0,1,1,111011
1723801700075,3,11,1.1986106363636364,0.1705940757763812,0,0,111011
1723801700176,3,0,0.0,0.0,1,1,111011
1723801700176,3,11,1.1905323,0.0980505999286821,0,0,111011
1723801700176,2,4,3.19892035,0.0004996615777296,1,1,111011
1723801700176,2,1,2.5665815,0.015042232,0,0,111011
1723801700386,2,3,2.073635133333333,0.0002395225803061,1,1,111011
1723801700386,2,1,2.5665815,0.00032223342,0,0,111011
1723801700386,3,0,0.0,0.0,1,1,111011
1723801700386,3,11,1.2151006818181818,0.0802970586045178,0,0,111011
1723801700564,3,0,0.0,0.0,1,1,111011
1723801700564,3,11,1.2183596,0.0587032124179731,0,0,111011
1723801700564,2,3,2.073635133333333,1.686756697281e-05,1,1,111011
1723801700564,2,1,2.5918624,0.09802682,0,0,111011
1723801700682,3,0,0.0,0.0,1,1,111011
1723801700682,3,10,1.3490348200000004,0.0530714978240602,0,0,111011
1723801700867,3,0,0.0,0.0,1,1,111011
1723801700867,3,10,1.3607787600000003,0.0649143133314987,0,0,111011
1723801700867,2,2,0.001,5.29540785e-10,1,1,111011
1723801700867,2,1,2.5918627,0.006594835,0,0,111011
1723801701083,2,2,3.60780255,0.017380155,0,0,111011
1723801701083,3,10,1.3693733900000002,0.0448858953283122,0,0,111011
1723801701083,3,0,0.0,0.0,1,1,111011
1723801701083,2,2,0.001,5.29540785e-10,1,1,111011
1723801701175,3,0,0.0,0.0,1,1,111011
1723801701175,3,9,1.0103617444444444,0.0037457476329863,0,0,111011
1723801701175,2,2,0.001,5.29540785e-10,1,1,111011
1723801701175,2,2,3.603375900000001,0.005180833,0,0,111011
1723801701570,2,2,3.57755255,0.097549225,0,0,111011
1723801701570,3,0,0.0,0.0,1,1,111011
1723801701570,3,9,1.0561037999999998,0.1196576634781247,0,0,111011
1723801701570,2,2,0.001,5.29540785e-10,1,1,111011
1723801701662,3,9,1.061687988888889,0.1324240190336803,0,0,111011
1723801701662,3,0,0.0,0.0,1,1,111011
1723801701876,3,0,0.0,0.0,1,1,111011
1723801701876,3,9,1.0572528444444442,0.0270979590336803,0,0,111011
1723801701876,2,2,0.001,5.29540785e-10,1,1,111011
1723801701876,2,2,3.5201415000000003,0.145626215,0,0,111011
1723801702148,3,9,1.068023288888889,0.066161626700347,0,0,111011
1723801702148,3,0,0.0,0.0,1,1,111011
1723801702275,3,9,1.070068122222222,0.0357335702559025,0,0,111000
1723801702275,2,2,0.001,5.29540785e-10,1,1,111000
1723801702275,3,0,0.0,0.0,1,1,111000
1723801702275,2,2,3.4892163500000004,0.019538975,0,0,111000
1723801702366,3,9,1.0619634,0.0017004498552085,0,0,111000
1723801702366,3,0,0.0,0.0,1,1,111000
1723801702366,2,2,0.001,5.29540785e-10,1,1,111000
1723801702366,2,2,3.42147965,0.164147875,0,0,111000
1723801702590,3,0,0.0,0.0,1,1,111000
1723801702590,3,9,1.0611822555555557,0.0112121244602085,0,0,111000
1723801702769,3,0,0.0,0.0,1,1,111000
1723801702769,3,9,1.0500015111111112,0.0561188554107641,0,0,111000
1723801702769,2,3,0.1240009466666666,0.0321515496469728,1,1,111000
1723801702769,2,3,2.5239593,0.106139308,0,0,111000
1723801702863,3,0,0.0,0.0,1,1,121000
1723801702863,3,9,1.0517058111111113,0.0410883709663196,0,0,121000
1723801702990,2,3,0.1240009333333333,0.0025088640803061,1,1,121000
1723801702990,2,3,2.7417090499999994,0.7934026599999999,0,0,121000
1723801703170,3,9,1.0475963,0.0283869457440974,0,0,121000
1723801703170,3,0,0.0,0.0,1,1,121000
1723801703170,2,3,0.17631152,0.2067535003530272,1,1,121000
1723801703170,2,3,2.6880391833333337,0.3066281166666667,0,0,121000
1723801703381,2,3,0.1640732766666666,0.0021687352196938,1,1,121000
1723801703381,2,3,2.6640807333333334,0.1128248466666666,0,0,121000
1723801703478,2,3,0.1640732766666666,0.0357205096469728,1,1,121000
1723801703478,2,3,2.6877667666666665,0.2243958366666666,0,0,121000
1723801703478,3,0,0.0,0.0,1,1,121000
1723801703478,3,9,1.0457672111111112,0.002966635700347,0,0,121000
1723801703568,3,9,1.0515062666666666,0.0107922679225692,0,0,121000
1723801703568,3,0,0.0,0.0,1,1,121000
1723801703568,2,3,2.7025955666666666,0.1554671666666666,0,0,121000
1723801703568,2,3,0.1640732766666666,0.0408476713136394,1,1,121000
1723801703778,2,3,0.1640732766666666,0.0093553436469728,1,1,121000
1723801703778,2,3,2.835590366666666,0.4546878509999999,0,0,121000
1723801703876,2,3,0.1640732866666666,0.0027492116469728,1,1,121000
1723801703876,2,3,2.86932365,0.4813250216666667,0,0,121000
1723801703876,3,0,0.0,0.0,1,1,121000
1723801703876,3,10,1.13252517,0.0224716478696876,0,0,121000
1723801703976,3,0,0.0,0.0,1,1,121000
1723801703976,3,10,1.14674829,0.0763267611303123,0,0,121000
1723801704175,2,3,2.898392533333334,0.0885349863333333,0,0,121000
1723801704175,2,3,0.13489425,0.1197380729803061,1,1,121000
1723801704376,3,0,0.0,0.0,1,1,121000
1723801704376,3,10,1.0914322800000005,0.1050828201696876,0,0,121000
1723801704570,2,3,0.0507712933333333,0.1502869529803061,1,1,121000
1723801704570,2,3,3.0342155833333333,0.3978011443666667,0,0,121000
1723801704778,3,0,0.0,0.0,1,1,121000
1723801704778,3,10,1.08347865,0.0035659127703123,0,0,121000
1723801704778,2,3,0.0507712933333333,0.0017340601803061,1,1,121000
1723801704778,2,3,3.1343024,0.3910073066666666,0,0,121000
1723801704870,2,3,3.122188933333333,0.1494117932666666,0,0,121000
1723801704870,2,3,0.0507713,0.0098475543530271,1,1,121000
1723801704870,3,10,1.0507344660000002,0.1134805838696876,0,0,121000
1723801704870,3,0,0.0,0.0,1,1,121000
1723801705092,3,0,0.0,0.0,1,1,121000
1723801705092,3,9,1.138724166666667,0.1542630032157283,0,0,121000
1723801705268,3,0,0.0,0.0,1,1,121000
1723801705268,3,9,1.1179022000000003,0.121980570993506,0,0,121000
1723801705268,2,3,0.1905365666666666,0.4794199336863605,1,1,121000
1723801705268,2,2,2.14020635,0.0321743419999999,0,0,121000
1723801705362,3,0,0.0,0.0,1,1,121000
1723801705362,3,9,1.1112635822222223,0.0808844176601727,0,0,121000
1723801705578,3,9,1.1172045666666668,0.0186943012287161,0,0,121000
1723801705578,3,1,6.1343093,0.0,1,1,121000
1723801705578,2,3,0.0499086133333333,0.4454239329803062,1,1,121000
1723801705578,2,2,2.17116315,0.1104654460999999,0,0,121000
1723801705769,2,3,0.0499086166666666,0.1481866429803061,1,1,121000
1723801705769,2,1,3.2210314,0.16962151,0,0,121000
1723801705769,3,1,6.0871944,0.19248194,1,1,121000
1723801705769,3,9,1.0951345222222224,0.072169770993506,0,0,121000
1723801705868,2,1,3.2210317,0.16784622,0,0,121000
1723801705868,2,3,0.0499086166666666,0.0582200396469728,1,1,121000
1723801706078,2,1,3.2210317,0.031027205,0,0,122000
1723801706078,2,3,0.1173658766666666,0.2537594670196939,1,1,122000
1723801706078,3,1,6.1255913,0.34635702,1,1,122000
1723801706078,3,9,1.0904340888888893,0.0337429732738518,0,0,122000
1723801706276,2,4,0.4418863075,0.1613152790569604,1,1,122000
1723801706276,2,1,3.1702392,0.1719844,0,0,122000
1723801706374,2,4,0.4418863075,0.0978442865569603,1,1,122000
1723801706374,2,1,3.1702392,0.19126621,0,0,122000
1723801706374,3,1,5.964911,0.54910576,1,1,122000
1723801706374,3,9,1.0696634722222225,0.0322860355372592,0,0,122000
1723801706572,2,4,0.441886275,0.0037537207477146,1,1,122000
1723801706572,2,1,3.1753762,0.016743388,0,0,122000
1723801706572,3,9,1.0526325444444449,0.038698932590037,0,0,122000
1723801706572,3,1,5.972657,0.26480225,1,1,122000
1723801706758,3,1,6.3956294,1.6276045,1,1,122000
1723801706758,3,10,1.0461259430000005,0.0929719088010666,0,0,122000
1723801706886,2,4,0.441886275,0.0038173323727146,1,1,122000
1723801706886,2,1,3.3550189,0.6194004,0,0,122000
1723801707067,2,4,0.4418862,0.0003690281896296,1,1,122000
1723801707067,2,1,3.4492226,0.73923296,0,0,122000
1723801707067,3,1,6.3731303,0.032859236,1,1,122000
1723801707067,3,10,1.0315918940000002,0.0454533026302366,0,0,122000
1723801707188,2,4,0.441886175,0.0004421124062953,1,1,122000
1723801707188,2,1,3.5280554,0.63743496,0,0,122000
1723801707374,3,9,0.6926995822222222,0.2158371429256481,0,0,122000
1723801707374,3,1,6.104436,0.82108474,1,1,122000
1723801707569,2,1,3.6586542,0.4590701,0,0,122000
1723801707569,2,3,0.4724823666666666,1.3509160614333333e-07,1,1,122000
1723801707781,3,1,6.2220387,0.49115705,1,1,122000
1723801707781,3,9,0.7376906855555556,0.0279218694853875,0,0,122000
1723801707781,2,2,0.001,5.29540785e-10,1,1,122000
1723801707781,2,1,3.5745718,0.18295535,0,0,122000
1723801707872,3,1,6.2827864,0.72259957,1,1,122000
1723801707872,3,9,0.7441798122222223,0.0983062150072847,0,0,122000
1723801707872,2,2,0.001,5.29540785e-10,1,1,122000
1723801707872,2,1,3.5972412,0.14085883,0,0,122000
1723801708271,2,1,3.5799024,0.14061208,0,0,222000
1723801708271,2,2,0.001,5.29540785e-10,1,1,222000
1723801708271,3,9,0.8002142700000001,0.2258999687755157,0,0,222000
1723801708271,3,1,6.3573213,0.32763857,1,1,222000
1723801708364,3,1,6.3573213,0.19870883,1,1,222000
1723801708364,3,9,0.7925903255555556,0.2189211832038887,0,0,222000
1723801708576,2,2,0.001,5.29540785e-10,1,1,222000
1723801708576,2,1,3.6247942,0.13598046,0,0,222000
1723801708778,3,2,6.72761915,0.207442015,1,1,222000
1723801708778,3,11,0.8856256881818183,0.0193164495268901,0,0,222000
1723801708877,2,2,0.001,5.29540785e-10,1,1,222000
1723801708877,2,1,3.6247945,0.045064505,0,0,222000
1723801708877,3,2,6.72761915,0.077897055,1,1,222000
1723801708877,3,11,0.8805144063636363,0.0201782238798434,0,0,222000
1723801708970,2,2,0.001,5.29540785e-10,1,1,222000
1723801708970,2,1,3.6247945,0.014953723,0,0,222000
1723801709186,3,2,6.81141235,0.340726993,1,1,222000
1723801709186,3,11,1.1186391345454545,0.1579589603556616,0,0,222000
1723801709186,2,2,0.001,5.29540785e-10,1,1,222000
1723801709186,2,1,3.7687323,0.5068399,0,0,222000
1723801709365,2,2,0.001,5.29540785e-10,1,1,222000
1723801709365,2,1,3.8405538,0.48315793,0,0,222000
1723801709365,3,2,6.8500569,0.2613534,1,1,222000
1723801709365,3,11,1.1748664227272725,0.3474468665374797,0,0,222000
1723801709582,3,2,6.94128665,0.5051024561999999,1,1,222000
1723801709582,3,12,1.2408566558333334,0.0702559196739768,0,0,222000
1723801709582,2,2,0.001,5.29540785e-10,1,1,222000
1723801709582,2,1,3.8405538,0.12604919,0,0,222000
1723801709672,3,2,6.97445875,0.7187855750000001,1,1,222000
1723801709672,3,12,1.2231003191666665,0.1340629837289434,0,0,222000
1723801709672,2,2,0.001,5.29540785e-10,1,1,222000
1723801709672,2,1,3.8405538,0.041782603,0,0,222000
1723801709881,2,2,6.71547975,0.40536527,0,0,222000
1723801709881,2,2,0.001,5.29540785e-10,1,1,222000
1723801710069,3,2,6.8866012,0.3242112865,1,1,222000
1723801710069,3,12,0.98459263,0.3921162262573101,0,0,222000
1723801710069,2,2,0.001,5.29540785e-10,1,1,222000
1723801710069,2,2,6.8602732500000005,0.6908037950000001,0,0,222000
1723801710181,3,2,6.92836975,0.160869135,1,1,222000
1723801710181,3,12,0.9820962216666668,0.1743222330906434,0,0,222000
1723801710181,2,2,0.2837353,0.9776820503585182,1,1,222000
1723801710181,2,1,4.268192,0.7543362,0,0,222000
1723801710368,2,2,0.39307255,1.241236950358518,1,1,222000
1723801710368,2,1,4.3203635,0.41210848,0,0,222000
1723801710582,2,1,4.3774486,0.2103964,0,0,222000
1723801710582,2,2,0.5858496,0.9947113003585182,1,1,222000
1723801710582,3,2,7.0361530000000005,0.42651622455,1,1,222000
1723801710582,3,12,1.02513148,0.2528015229093565,0,0,222000
1723801710762,3,2,7.1100471,0.443180115,1,1,222000
1723801710762,3,12,0.9704093375,0.1373776865906435,0,0,222000
1723801710762,2,2,0.7107028,0.8723372003585182,1,1,222000
1723801710762,2,1,4.168609,0.6148434,0,0,222000
1723801710984,2,1,4.3525486,0.22868598,0,0,222000
1723801710984,3,2,7.2367115,0.46280622,1,1,222000
1723801710984,3,13,1.0800133292307692,0.2390447657190555,0,0,222000
1723801710984,2,2,0.87573945,0.7132248503585182,1,1,222000
1723801711072,2,2,0.9326142,0.7026587503585182,1,1,222000
1723801711072,2,1,4.2840595,0.275957,0,0,222000
1723801711072,3,2,7.21622465,0.19888623,1,1,222000
1723801711072,3,13,1.06481156,0.2046540163882863,0,0,222000
1723801711171,2,2,0.98777985,0.6997681503585182,1,1,222000
1723801711171,2,1,4.461203,0.83644336,0,0,222000
1723801711171,3,3,6.961691766666667,0.062548972,1,1,222000
1723801711171,3,13,1.0706598469230768,0.1126218794152093,0,0,222000
1723801711380,2,2,1.1595587,0.7234058503585182,1,1,222000
1723801711380,2,1,4.618361,0.89295137,0,0,222000
1723801711573,2,2,1.26855115,0.7075532503585182,1,1,222000
1723801711573,2,1,4.733616,0.9068124,0,0,222000
1723801711573,3,3,6.895312433333333,0.2402932583333333,1,1,222000
1723801711573,3,13,1.0251622176923076,0.1173810513953863,0,0,222000
1723801711775,2,1,4.718289,0.16513517,0,0,222000
1723801711775,2,2,1.42220415,0.7152319003585182,1,1,222000
1723801711876,2,2,1.447683,0.6218819503585182,1,1,222000
1723801711876,2,1,4.6741166,0.15187207,0,0,222000
1723801711876,3,3,6.858028766666667,0.148643675,1,1,222000
1723801711876,3,12,1.13517897,0.0935253563926898,0,0,222000
1723801712086,3,3,6.941129,0.2881021766666666,1,1,222000
1723801712086,3,12,1.1101638333333332,0.0220530404448101,0,0,222000
1723801712086,2,2,1.68982277,0.9361869,1,1,222000
1723801712086,2,1,4.8653,0.39583483,0,0,222000
1723801712266,3,3,7.043002,0.46134975,1,1,222000
1723801712266,3,13,1.2002393784615384,0.0524283761382863,0,0,222000
1723801712266,2,2,1.9743114,1.58050355,1,1,222000
1723801712266,2,1,4.9240737,0.39215815,0,0,222000
1723801712382,3,12,1.2320031608333333,0.1512642871323101,0,0,222000
1723801712382,3,3,6.9555295,0.1951614916666666,1,1,222000
1723801712568,3,3,6.960445466666666,0.1918373433333333,1,1,222000
1723801712568,3,12,1.20503158,0.1032640405839768,0,0,222000
1723801712568,2,3,2.0811647333333334,1.1524047466666667,1,1,222000
1723801712568,2,1,4.958652,0.30583444,0,0,222000
1723801712786,3,3,7.023457166666667,0.0967518389999999,1,1,222000
1723801712786,3,12,1.2040737133333337,0.0416949195073101,0,0,222000
1723801712879,2,1,4.993332,0.13074964,0,0,222000
1723801712879,2,3,2.399820866666667,1.06898328,1,1,222000
1723801712879,3,3,6.975693,0.1094517666666666,1,1,222000
1723801712879,3,12,1.1659249533333331,0.1407047275073101,0,0,222000
1723801712968,3,3,7.054305533333333,0.1273091933333333,1,1,222000
1723801712968,3,12,1.1648895033333333,0.1403098779239768,0,0,222000
1723801712968,2,3,2.399820833333333,0.7030479100000001,1,1,222000
1723801712968,2,1,4.993332,0.10803325,0,0,222000
1723801713189,2,1,5.025794,0.14634849,0,0,222000
1723801713189,3,3,6.927931766666667,0.359675894,1,1,222000
1723801713189,3,12,1.1453137083333331,0.0799256646023101,0,0,222000
1723801713189,2,3,2.7164289666666668,1.0495881,1,1,222000
1723801713368,2,1,5.0543456,0.16209325,0,0,222000
1723801713368,2,3,2.8431181,1.0722364,1,1,222000
1723801713368,3,3,6.939463866666666,0.121617312,1,1,222000
1723801713368,3,12,1.1143971533333332,0.1367519824989768,0,0,222000
1723801713586,2,3,2.8930929666666665,0.3681644433333333,1,1,222000
1723801713586,2,1,5.0693655,0.093128614,0,0,222000
1723801713688,3,3,7.0777386,0.3008142966666666,1,1,222000
1723801713688,3,12,1.0775626141666663,0.0863130206464768,0,0,222000
1723801713688,2,3,2.9984211000000003,0.5442433566666667,1,1,222000
1723801713688,2,2,7.309813,0.093793435,0,0,222000
1723801713867,2,3,3.0799887,0.6167763933333333,1,1,222000
1723801713867,2,2,7.17568515,0.43355483,0,0,222000
1723801713867,3,12,1.0752088125,0.0521714752598101,0,0,222000
1723801713867,3,3,7.0951379,0.1287104076666666,1,1,222000
1723801714086,2,3,3.188364366666667,0.3919356333333332,1,1,222000
1723801714086,2,2,6.9600475,0.9312685122,0,0,222000
1723801714179,3,3,7.160527533333333,0.0278706833333333,1,1,222000
1723801714179,3,12,1.0532216958333334,0.0953705774032268,0,0,222000
1723801714179,2,3,3.2258576,0.2734859333333333,1,1,222000
1723801714179,2,2,6.888458999999999,0.95577451785,0,0,222000
1723801714364,3,3,7.185732000000001,0.0151285566666666,1,1,222000
1723801714364,3,12,1.0120379333333334,0.1996869746844768,0,0,222000
1723801714592,3,3,7.277869899999999,0.3030669833333333,1,1,222000
1723801714592,3,12,0.8596167366666666,0.5460748936906268,0,0,222000
1723801714769,2,1,5.1054173,0.00027067246,0,0,222000
1723801714769,2,3,4.223256833333333,2.682350566666667,1,1,222000
1723801714769,3,12,0.8420262033333333,0.3100205842682979,0,0,222000
1723801714769,3,3,7.265205899999999,0.0864833866666666,1,1,222000
1723801714867,3,4,5.772747,0.1135420624999999,1,1,222000
1723801714867,3,12,0.8436806249999999,0.1538884056251784,0,0,222000
1723801714867,2,3,4.2482713,2.0512806,1,1,222000
1723801714867,2,1,5.1054173,0.00023081597,0,0,222000
1723801715078,2,3,4.4558988,0.8405408666666667,1,1,222000
1723801715078,2,1,5.1054173,2.7702717e-05,0,0,222000
1723801715176,3,12,0.8141431841666668,0.0694713336299232,0,0,222000
1723801715176,3,4,5.735392025,0.027752191,1,1,222000
1723801715176,2,3,4.496591166666668,0.66275359,1,1,222000
1723801715176,2,1,5.1054173,1.3197641e-06,0,0,222000
1723801715374,3,4,5.73422436,0.0532028524999999,1,1,222000
1723801715374,3,12,0.7882062108333333,0.1240431851124005,0,0,222000
1723801715374,2,3,4.618941266666667,0.4882673086666667,1,1,222000
1723801715374,2,1,5.1054177,6.9248026e-06,0,0,222000
1723801715477,2,3,4.6558068666666665,0.4819529446666666,1,1,222000
1723801715477,2,1,5.1054177,5.2524897e-06,0,0,222000
1723801715682,3,12,0.7606211233333333,0.1039063334003175,0,0,222000
1723801715682,3,4,5.784032625,0.1188951799999999,1,1,222000
1723801715872,2,0,0.0,0.0,0,0,222000
1723801715872,2,3,4.778996033333334,0.23867114331,1,1,222000
1723801715872,3,4,5.82633145,0.11521090625,1,1,222000
1723801715872,3,12,0.5896923941666666,0.7143588734756117,0,0,222000
1723801716089,3,4,5.697799575,0.4556892474999999,1,1,222000
1723801716089,3,13,0.4788220169230769,0.3944482436883338,0,0,222000
1723801716186,3,4,5.83485905,0.06920387,1,1,222000
1723801716186,3,13,0.4736371138461538,0.2316590942846067,0,0,222000
1723801716186,2,3,4.9370517666666665,0.44444787615,1,1,222000
1723801716186,2,0,0.0,0.0,0,0,222000
1723801716365,2,0,0.0,0.0,0,0,222000
1723801716365,2,3,4.992643833333333,0.3634191320653333,1,1,222000
1723801716365,3,13,0.4505602669230769,0.1077013646987512,0,0,222000
1723801716365,3,4,5.812026275,0.1516816909999999,1,1,222000
1723801716585,3,4,5.80857675,0.0407127774999999,1,1,222000
1723801716585,3,13,0.4487927315384615,0.0023480724155558,0,0,222000
1723801716678,3,4,5.865734809999999,0.1925270669999999,1,1,222000
1723801716678,3,13,0.426984426923077,0.0731335036140174,0,0,222000
1723801716678,2,3,4.372648833333334,0.3570357666666666,1,1,222000
1723801716678,2,0,0.0,0.0,0,0,222000
1723801717074,2,3,4.422394066666667,0.2026882666666666,1,1,222000
1723801717074,2,1,8.978366,0.321092,0,0,222000
1723801717074,3,4,5.9279543,0.25256524825,1,1,222000
1723801717074,3,13,0.371745413076923,0.1869101313592482,0,0,222000
1723801717164,2,3,4.408063033333334,0.1183663833333333,1,1,222000
1723801717164,2,1,9.01705,0.385745,0,0,222000
1723801717164,3,4,5.95126205,0.302861176,1,1,222000
1723801717164,3,13,0.3686275184615384,0.1417330377981712,0,0,222000
1723801717382,2,0,0.0,0.0,0,0,222000
1723801717382,2,3,4.4538571000000005,0.1590995061333333,1,1,222000
1723801717476,3,4,6.013956449999999,0.148263567875,1,1,222000
1723801717476,3,13,0.3654815623076922,0.0071891651368943,0,0,222000
1723801717476,2,3,4.457353433333334,0.14343876,1,1,222000
1723801717476,2,0,0.0,0.0,0,0,222000
1723801717566,2,3,4.462291666666666,0.1148436966666666,1,1,222000
1723801717566,2,0,0.0,0.0,0,0,222000
1723801717566,3,4,6.140066749999999,0.4784194685,1,1,222000
1723801717566,3,13,0.3661011138461539,0.0018702150037317,0,0,222000
1723801717782,2,3,4.368399066666666,0.2955485433333333,1,1,222000
1723801717782,2,0,0.0,0.0,0,0,222000
1723801717880,2,0,0.0,0.0,0,0,222000
1723801717880,2,3,4.3734344,0.2914791266666667,1,1,222000
1723801717880,3,4,5.96560657,0.441011522,1,1,222000
1723801717880,3,12,0.36893455,0.0141028844217813,0,0,222000
1723801718185,3,4,6.027302245,0.1620783735,1,1,222000
1723801718185,3,11,0.3355327527272727,0.0347900096385826,0,0,222000
1723801718185,2,3,4.3885862,0.1062595733333333,1,1,222000
1723801718185,2,0,0.0,0.0,0,0,222000
1723801718364,2,3,4.3589953,0.0931947256666666,1,1,222000
1723801718364,3,4,6.045043745,0.1598453024999999,1,1,222000
1723801718364,3,11,0.335204589090909,0.0257306960918398,0,0,222000
1723801718364,2,0,0.0,0.0,0,0,222000
1723801718462,2,0,0.0,0.0,0,0,222000
1723801718462,2,3,4.343969466666667,0.1425785886666666,1,1,222000
1723801718581,3,4,6.00568937,0.051749365875,1,1,222000
1723801718581,3,11,0.5209832818181819,0.0407744966687119,0,0,222000
1723801718769,3,4,5.983141345,0.0863823153999999,1,1,222000
1723801718769,3,11,0.5245920090909091,0.0174471012686577,0,0,222000
1723801718769,2,3,4.341082866666667,0.0621250239999999,1,1,222000
1723801718769,2,0,0.0,0.0,0,0,222000
1723801718870,2,3,4.344016766666667,0.060759996,1,1,222000
1723801718870,2,0,0.0,0.0,0,0,222000
1723801719074,3,3,7.8699811,0.1360695633333333,1,1,222000
1723801719074,3,11,0.4628153,0.154599906223667,0,0,222000
1723801719176,2,0,0.0,0.0,0,0,222000
1723801719176,2,3,4.288528633333334,0.1162410933333333,1,1,222000
1723801719176,3,3,7.906249666666667,0.3198399066666667,1,1,222000
1723801719176,3,11,0.4576065545454545,0.1259009252848196,0,0,222000
1723801719374,3,11,0.4131469909090908,0.1657696554849765,0,0,222000
1723801719374,2,3,4.2884632,0.0402682243333333,1,1,222000
1723801719374,2,0,0.0,0.0,0,0,222000
1723801719374,3,3,7.918256566666666,0.1595201103333333,1,1,222000
1723801719575,2,4,5.14485715,0.02063122015,1,1,222000
1723801719575,2,0,0.0,0.0,0,0,222000
1723801719575,3,3,7.889992799999999,0.0368494516666666,1,1,222000
1723801719575,3,11,0.4109855545454545,0.0823719390587134,0,0,222000
1723801719680,2,0,0.0,0.0,0,0,222000
1723801719680,2,4,5.034187625,0.3666657990999999,1,1,222000
1723801719868,2,4,5.042556825,0.241461410275,1,1,222000
1723801719868,2,0,0.0,0.0,0,0,222000
1723801719868,3,3,8.024644566666666,0.3851614233333333,1,1,222000
1723801719868,3,11,0.347522409090909,0.179421931349157,0,0,222000
1723801720062,2,5,5.17575542,0.2574876552,1,1,222000
1723801720062,2,0,0.0,0.0,0,0,222000
1723801720184,3,3,8.074798666666666,0.145084848,1,1,222000
1723801720184,3,11,0.2991892090909091,0.1639172533341795,0,0,222000
1723801720372,2,5,5.13005764,0.1578934787314,1,1,222000
1723801720372,2,0,0.0,0.0,0,0,222000
1723801720372,3,3,8.167388333333333,0.4710382596666666,1,1,222000
1723801720372,3,11,0.2558649363636363,0.2156369006553135,0,0,222000
1723801720575,2,4,5.0704016,0.054693345,1,1,222000
1723801720575,2,1,8.833107,0.2552582,0,0,222000
1723801720575,3,3,8.279956,0.58617693,1,1,222000
1723801720575,3,11,0.2075210272727272,0.2302293544185673,0,0,222000
1723801720761,3,3,8.296796666666667,0.3003213816666666,1,1,222000
1723801720761,3,11,0.1831961909090909,0.2038188997988816,0,0,222000
1723801720873,3,2,8.2899525,0.3550086535,1,1,222000
1723801720873,3,11,0.1831961927272727,0.1236641134723577,0,0,222000
1723801720873,2,5,4.147390079999999,0.3488010296,1,1,222000
1723801720873,2,1,9.25687,1.162041,0,0,222000
1723801721074,3,11,0.1604741836363636,0.0737659696915449,0,0,222000
1723801721074,3,2,8.432051999999999,0.556284635,1,1,222000
1723801721074,2,5,4.28284274,0.3077358340000001,1,1,222000
1723801721074,2,1,9.474136,1.1993533,0,0,222000
1723801721165,3,2,8.29650525,0.0392267249999999,1,1,222000
1723801721165,3,11,0.1448248109090908,0.1324584353279085,0,0,222000
1723801721165,2,5,4.259619766,0.3733658119999999,1,1,222000
1723801721165,2,1,9.564953,1.1415524,0,0,222000
1723801721388,3,2,8.5559555,0.7771695599999999,1,1,222000
1723801721388,3,11,0.1359774745454545,0.070915922782454,0,0,222000
1723801721388,2,5,4.21435884,0.043707742,1,1,222000
1723801721388,2,1,9.703692,0.6287563,0,0,222000
1723801721567,3,12,0.1760321791666666,0.0109488341589161,0,0,222000
1723801721567,2,1,9.985859,1.2263943,0,0,222000
1723801721567,3,2,8.514015,0.39242725,1,1,222000
1723801721567,2,6,3.6264046,0.6253930916666667,1,1,222000
1723801721780,3,2,8.435718,0.2532895149999999,1,1,222000
1723801721780,3,12,0.1759225266666666,0.0048541704327505,0,0,222000
1723801721872,3,2,8.542469,0.1132045949999999,1,1,222000
1723801721872,3,12,0.1818071633333333,0.0111246202660838,0,0,222000
1723801722074,2,7,2.9276109942857147,0.5312940670025557,1,1,222000
1723801722074,2,1,10.273657,0.86351514,0,0,222000
1723801722341,3,12,0.1994675541666667,0.0197005117752505,0,0,222000
1723801722341,3,2,8.300218000000001,0.262525055,1,1,222000
1723801722341,2,7,2.8836816285714284,0.2093437195168414,1,1,222000
1723801722341,2,1,10.362385,0.47691166,0,0,222000
1723801722480,2,7,2.7983493628571425,0.3558307438025557,1,1,222000
1723801722480,2,0,0.0,0.0,0,0,222000
1723801722580,2,7,2.8286932,0.1613241877024843,1,1,222000
1723801722580,2,0,0.0,0.0,0,0,222000
1723801722580,3,2,8.325980999999999,0.207798015,1,1,222000
1723801722580,3,11,0.2168181545454545,0.0532254001266369,0,0,222000
1723801722764,3,2,8.164773499999999,0.51271247,1,1,222000
1723801722764,3,11,0.2265765,0.0619820301266369,0,0,222000
1723801722978,2,0,0.0,0.0,0,0,222000
1723801722978,2,8,3.09482879,0.3632916326496975,1,1,222000
1723801722978,3,2,8.2066795,0.1306371,1,1,222000
1723801722978,3,12,0.3562494833333333,0.0621803784494171,0,0,222000
1723801723070,3,2,8.195024,0.15520508,1,1,222000
1723801723070,3,12,0.3625406416666667,0.0668518763660838,0,0,222000
1723801723070,2,8,3.1433916525,0.2965794298746975,1,1,222000
1723801723070,2,0,0.0,0.0,0,0,222000
1723801723168,3,12,0.361995475,0.0478302921994171,0,0,222000
1723801723168,3,2,8.235684,0.0228048415,1,1,222000
1723801723380,2,8,3.04858549,0.1853502022621975,1,1,222000
1723801723380,2,0,0.0,0.0,0,0,222000
1723801723380,3,2,8.2317055,0.0323225485,1,1,222000
1723801723380,3,12,0.3584909058333334,0.0129361535172494,0,0,222000
1723801723470,3,2,8.213565,0.088665761,1,1,222000
1723801723470,3,12,0.355761435,0.0287509843589161,0,0,222000
1723801723470,2,8,3.117327115,0.1418382731770524,1,1,222000
1723801723470,2,0,0.0,0.0,0,0,222000
1723801723564,3,2,8.20381375,0.1434962619999999,1,1,222000
1723801723564,3,12,0.3532777333333333,0.0353403618005828,0,0,222000
1723801723564,2,7,3.511368868571428,0.2322715896614285,1,1,222000
1723801723564,2,0,0.0,0.0,0,0,222000
1723801723782,2,0,0.0,0.0,0,0,222000
1723801723782,2,7,3.5123102400000006,0.0459718563928571,1,1,222000
1723801723782,3,12,0.3609901083333333,0.0150770252827505,0,0,222000
1723801723782,3,2,8.1934425,0.0928364174999999,1,1,222000
1723801723874,3,2,8.183511,0.059506097,1,1,222000
1723801723874,3,12,0.358899,0.0271025246994171,0,0,222000
1723801723874,2,7,3.5407157471428574,0.09796154426,1,1,222000
1723801723874,2,0,0.0,0.0,0,0,222000
1723801724089,3,2,8.170817,0.0616541165,1,1,222000
1723801724089,3,12,0.3691549066666666,0.0325434756910838,0,0,222000
1723801724184,3,2,8.157482,0.113662585,1,1,222000
1723801724184,3,12,0.3733787483333333,0.0344401116994171,0,0,222000
1723801724365,2,0,0.0,0.0,0,0,222000
1723801724365,2,7,3.6375986,0.0852587448571428,1,1,222000
1723801724365,3,2,8.0801408,0.3777221349999999,1,1,222000
1723801724365,3,12,0.3726748483333333,0.0119731620327505,0,0,222000
1723801724461,2,7,3.631226928571429,0.1434846715,1,1,222000
1723801724461,2,0,0.0,0.0,0,0,222000
1723801724675,3,2,7.98702335,0.29386225,1,1,222000
1723801724675,3,12,0.3728202983333333,0.0071517966339161,0,0,222000
1723801724675,2,7,3.686736014285714,0.1463906965428571,1,1,222000
1723801724675,2,0,0.0,0.0,0,0,222000
1723801724875,3,12,0.3709121316666666,0.0116934745505828,0,0,222000
1723801724875,3,2,7.99016965,0.023766622,1,1,222000
1723801724875,2,7,3.6443350571428574,0.1004183347199999,1,1,222000
1723801724875,2,0,0.0,0.0,0,0,222000
1723801725075,3,2,7.990283,0.021781426,1,1,222000
1723801725075,3,12,0.3642341566666667,0.0264018919589161,0,0,222000
1723801725075,2,7,3.616651192857143,0.1263620270828571,1,1,222000
1723801725075,2,0,0.0,0.0,0,0,222000
1723801725171,2,7,3.636639128571428,0.0289281544157142,1,1,222000
1723801725171,2,1,11.381748,0.0,0,0,222000
1723801725378,3,12,0.355095265,0.0308593117614161,0,0,222000
1723801725378,3,2,7.929376,0.205408635,1,1,222000
1723801725576,2,1,11.671637,0.851854,0,0,222000
1723801725576,2,5,2.613575272,0.316565088,1,1,222000
1723801725676,2,5,2.600561292,0.2800721668,1,1,222000
1723801725676,2,1,11.671637,0.49739337,0,0,222000
1723801725676,3,3,8.351409833333333,0.1649555706666667,1,1,222000
1723801725676,3,12,0.3304898083333333,0.0586420057172495,0,0,222000
1723801725865,3,3,8.393993333333333,0.3024896009999999,1,1,222000
1723801725865,3,12,0.3192989583333332,0.0557451321339161,0,0,222000
1723801726074,3,12,0.3134655,0.0344999319672494,0,0,222000
1723801726074,3,3,8.423918133333332,0.1627276741999999,1,1,222000
1723801726074,2,5,2.543892788,0.141142942,1,1,222000
1723801726074,2,2,10.2847205,0.0523005535,0,0,222000
1723801726180,3,3,8.4261248,0.0862815493333333,1,1,222000
1723801726180,3,12,0.31078405,0.0310857961755828,0,0,222000
1723801726378,2,5,2.52634464,0.0681596887999999,1,1,222000
1723801726378,2,1,11.671637,0.0003465428,0,0,222000
1723801726477,3,3,8.521928133333333,0.3494779329333333,1,1,222000
1723801726477,2,5,2.43717134,0.2529388646,1,1,222000
1723801726477,2,1,11.671637,0.0022446474,0,0,222000
1723801726477,3,12,0.30043095,0.0312285254672495,0,0,222000
1723801726662,3,12,0.2483128249999999,0.1944353352589161,0,0,222000
1723801726662,3,3,8.4882391,0.03143243,1,1,222000
1723801726877,3,12,0.2413761583333332,0.1149941342701661,0,0,222000
1723801726877,2,5,2.40094929,0.14797192324,1,1,222000
1723801726877,3,3,8.522263866666668,0.0765143839999999,1,1,222000
1723801726877,2,2,10.63201,0.4191412,0,0,222000
